Rank,Team,Members,Œ£,¬±,K,–°—ñ,–î,–®,–í,–Ü
1,–≠—Ç–æ —è –∏ –º–æ–π –∫–∞–ø—á–∏–∫!,–õ–æ–≥—ñ–∫–∞ –®–∞—Ö–º–∞—Ç–∏—Å—Ç –ö–∞–º—ñ–ª–ª–µ –ê–º—ñ–æ—Ç,134.9,38.2,35.6,4.8,2.4,2.7,3.4,3.3
2,Bowling Club. Limited Edition.,–ö–æ–º–∞–Ω–¥–∞ Walle Franklin Town,124.2,35.5,31.6,4.2,3.0,2.8,3.6,3.5
3,–ö–ª–∞–±–æ—Ä—ñ—è –î—Ä–∞—É–º,–ö–∞–π—Ñ–∞—Ç –ê–¥–ª–µ—Ä –ü—î—â—â–∞ Elvi,115.1,29.2,31.2,4.5,3.6,2.9,3.7,3.0
4,–û–π–∑–∞–∫–∞,Sirius ‚ú® nofun Baby Yoda SiDa,113.5,25.5,32.6,4.3,3.0,2.5,3.6,3.2
5,–ë–∞–Ω–¥–µ—Ä–∞ –ü—Ä–æ—Å—Ç–æ –ë–∞–Ω–¥–µ—Ä Wapi,,112.6,25.2,31.5,4.3,3.2,2.6,3.5,3.3
6,–ü–µ—á–µ–Ω—å–∫–∏ —É–µ–¥–∏–Ω–∏–ª–∏—Å—å,"Sashko Mel, ZAK –ù–µ–º–µ—â—É–π",109.7,25.6,30.2,4.2,3.3,2.6,3.6,3.2
7,–°–æ—Ö—Ä–∞–Ω–∏—Ç–µ—Å—å –≤ –≤–∞—à–∏—Ö —Ä—É–∫–∞—Ö –∏ —Å–µ—Ä–¥—Ü–∞—Ö,–¶–µ–Ω—Ç—Ä–∞–ª—å–Ω—ã–π Mikoz Jordan –ë—É—Ä—è—á,109.2,22.7,30.8,4.4,2.6,2.7,3.5,3.3
8,–ß–µ–ª–∏,Alcyone Phoenix Murrrt Anecs,108.8,22.6,29.8,4.2,2.8,2.6,3.6,3.2
9,–ü–æ–∑–¥—Ä–∞–≤–∫–∏,Minsk –ö—É–¥–∞ 28 Foggy –°–∞–π–º–æ–Ω—Å,108.3,19.9,21.2,4.5,2.1,2.4,2.4,3.2
10,"–ï—Å–ª–∏ –Ω–µ –º—ã, —Ç–æ –∫–æ—Ç",Red –°–∞–¥–ª–µ—Ä –ú–æ–ª–ª–∏ JF,108.2,19.2,21.0,4.5,2.1,2.6,2.3,3.2
11,All In,Hugo –ë–æ–Ω—è –°–æ–Ω–µ–π–∫–∞ –ë–æ–Ω–¥–∞,107.0,21.6,20.8,4.3,2.4,2.5,2.9,3.1
12,–°–∞–º–æ–µ –ª—É—á—à–µ–µ –Ω–∞–∑–≤–∞–Ω–∏–µ,Madeira seven Japonick Peso4Nica,106.4,18.5,21.2,4.3,2.4,2.2,2.8,3.0
13,Deutsche Qualit√§t,–°—Ç–∞—Ñ—Ñ–∞ –Æ—Ä–∏—Å—Ç Lex ‚Ññ1,105.6,17.2,22.1,4.1,2.3,2.6,2.9,3.0
14,"–ù–∞—Ç–∞—á–∞, –∫–∞–∫–∞—è –∏–≥—Ä–∞, –ù–∞—Ç–∞—á–∞!",–û—Å–æ Daffy Maestro Trixter,105.5,16.8,22.3,4.3,2.3,2.3,3.0,3.0
15,LIETUVA,Eco Alisa Metaxa –ú–Æ–ù–•–ï–ù,102.3,14.1,21.4,4.2,2.2,2.3,2.9,3.0
16,–ö–∞—à–∞ –õ–æ–≤–∫–∞ –®–µ–ø–∫–∞,–ö—É–ª–∏–Ω–∞—Ä Lucifier –ß–µ–ª–æ–≤–µ—á–µ–∫ Loni,102.1,14.0,21.2,4.2,2.1,2.4,2.8,3.0
17,¬´—â–µ 2 —Ç–∏–∂–Ω—è –¥–æ —Ç—É—Ä–Ω—ñ—Ä—É!–ú–∏ —â–µ –¥–∞–º–æ!¬ª,Mikelangelo Jinx –£–∫—Äa–≥–µ—Ç—Å Grizzly,100.6,12.8,20.5,4.1,2.1,2.4,2.7,3.0
18,–ó–µ–ª–µ–Ω–∏–π —Å–ª–æ–Ω–∏–∫,–ö–∞–ø–ª—è –õ—é—Å–∏ –í–∏—à–Ω—è-–ü—É—Ö –ë–æ—Ä–∂–æ–º—ñ,99.1,11.2,18.9,4.2,2.0,2.2,2.6,3.0
19,Arctic monkeys,Sima NSK –ê—Ä–∫—Ç–∏–∫–∞ –°–µ–º–µ—Ä–æ—á–∫–∞,96.5,10.4,18.2,4.1,2.0,2.0,2.6,2.9
20,–ú–ê–ê–§,–ê—Ç–º–æ—Å—Ñ–µ—Ä–∞ Aladdin Firefly Amira,95.8,11.4,18.2,4.0,2.1,2.1,2.5,3.0
21,–ê–Ω–≥–µ–ª–∞ –î–∂–µ–∫,–ú–∞—Ä—Å—î–ª—å –ü—á–µ–ª–∞ Lisa üëë Calypso (Warsaw) –ö–æ–º–∞—Ä,90.2,10.6,21.3,4.0,2.5,2.0,2.5,3.1
